command	type
AdminSpeed	AdminSpeedConsoleCmd
AccDecay	ConsoleCmdAccDecay
admin	ConsoleCmdAdmin
ai	ConsoleCmdAI
aiddebug	ConsoleCmdAIDirectorDebug
shownexthordetime	ConsoleCmdAIDirectorShowNextWanderingHordeTime
spawnairdrop	ConsoleCmdAIDirectorSpawnAirDrop
spawnwandering	ConsoleCmdAIDirectorSpawnHorde
spawnscouts	ConsoleCmdAIDirectorSpawnScouts
spawnsupplycrate	ConsoleCmdAIDirectorSpawnSupplyCrate
audio	ConsoleCmdAudioManager
automation	ConsoleCmdAutomation
automove	ConsoleCmdAutoMove
ban	ConsoleCmdBan
bents	ConsoleCmdBents
buff	ConsoleCmdBuff
buffplayer	ConsoleCmdBuffPlayer
testoccreport	ConsoleCmdBugReportOcclusionManager
camera	ConsoleCmdCamera
ccphysics	ConsoleCmdCCPhysics
testCensor	ConsoleCmdCensor
challenges	ConsoleCmdChallenges
chunkcache	ConsoleCmdChunkCache
chunkreset	ConsoleCmdChunkReset
commandpermission	ConsoleCmdCommandPermissions
config	ConsoleCmdConfig
createwebuser	ConsoleCmdCreateWebUser
creativemenu	ConsoleCmdCreativeMenu
cvar	ConsoleCmdCVar
damagereset	ConsoleCmdDamageReset
debuff	ConsoleCmdDebuff
debuffplayer	ConsoleCmdDebuffPlayer
debuggamestats	ConsoleCmdDebugGameStats
debugjiggle	ConsoleCmdDebugJiggle
debugmenu	ConsoleCmdDebugMenu
debugpanels	ConsoleCmdDebugPanels
debugshot	ConsoleCmdDebugShot
debugweather	ConsoleCmdDebugWeather
decomgr	ConsoleCmdDecoMgr
discord	ConsoleCmdDiscord
testDismemberment	ConsoleCmdDismemberment
dms	ConsoleCmdDMS
dynamicproperties	ConsoleCmdDynamicProperties
exhausted	ConsoleCmdExhausted
exportcurrentconfigs	ConsoleCmdExportCurrentConfigs
exportprefab	ConsoleCmdExportPrefab
fallingblocks	ConsoleCmdFallingBlocks
floatingorigin	ConsoleCmdFloatingOrigin
ForceEventDate	ConsoleCmdForceEventDate
fov	ConsoleCmdFov
gamestage	ConsoleCmdGameStage
getgamepref	ConsoleCmdGetGamePrefs
getgamestat	ConsoleCmdGetGameStats
getlogpath	ConsoleCmdGetLogfilePath
getoptions	ConsoleCmdGetOptions
getsandboxoptions	ConsoleCmdGetSandboxOptions
gettime	ConsoleCmdGetTime
gfx	ConsoleCmdGfx
giveself	ConsoleCmdGiveQualityItem
givequest	ConsoleCmdGiveQuest
givexp	ConsoleCmdGiveXp
graph	ConsoleCmdGraph
help	ConsoleCmdHelp
junkDrone	ConsoleCmdJunkDrone
kick	ConsoleCmdKick
kickall	ConsoleCmdKickAll
kill	ConsoleCmdKill
killall	ConsoleCmdKillAll
lights	ConsoleCmdLights
listdlc	ConsoleCmdListDLC
listents	ConsoleCmdListEntities
lgo	ConsoleCmdListGameObjects
listplayerids	ConsoleCmdListPlayerIds
listplayers	ConsoleCmdListPlayers
listthreads	ConsoleCmdListThreads
logenv	ConsoleCmdLogEnvironment
ftw	ConsoleCmdLogFellThroughWorldDebugInfo
loggamestate	ConsoleCmdLogGameState
loglevel	ConsoleCmdLogLevel
playerOwnedEntities	ConsoleCmdLogOwnedEntities
loot	ConsoleCmdLoot
mapdata	ConsoleCmdMapData
mem	ConsoleCmdMem
memcl	ConsoleCmdMemCl
memprofile	ConsoleCmdMemoryProfiler
meshdatamanager	ConsoleCmdMeshDataManager
mumblepositionalaudio	ConsoleCmdMumblePositionalAudio
networkclient	ConsoleCmdNetworkClient
networkserver	ConsoleCmdNetworkServer
na	ConsoleCmdNewAvatarTest
newweathersurvival	ConsoleCmdNewWeatherSurvival
occlusion	ConsoleCmdOcclusion
overlap	ConsoleCmdOverlapRecovery
overridemaxplayercount	ConsoleCmdOverrideServerMaxPlayerCount
pathtest	ConsoleCmdPathTest
performanceprofiler	ConsoleCmdPerformanceProfiler
permissionsallowed	ConsoleCmdPermissionsAllowed
pirs	ConsoleCmdPIRS
placeblockrotations	ConsoleCmdPlaceBlockRotations
placeblockshapes	ConsoleCmdPlaceBlockShapes
chunkobserver	ConsoleCmdPlaceObserver
playervisitmap	ConsoleCmdPlayerVisitMap
pois	ConsoleCmdPois
poiwaypoints	ConsoleCmdPOIWaypoints
pplist	ConsoleCmdPPList
prefab	ConsoleCmdPrefab
prefabeditor	ConsoleCmdPrefabEditor
prefabupdater	ConsoleCmdPrefabUpdater
expiryinfo	ConsoleCmdPrintChunkExpiryInfo
profilenetwork	ConsoleCmdProfileNetwork
profiler	ConsoleCmdProfiler
profiling	ConsoleCmdProfiling
regionreset	ConsoleCmdRegionReset
reloadentityclasses	ConsoleCmdReloadEntityClasses
removequest	ConsoleCmdRemoveQuest
repairchunkdensity	ConsoleCmdRepairChunkDensity
resetallstats	ConsoleCmdResetAchievementStats
agemap	ConsoleCmdSaveChunkAgeMap
sdminfo	ConsoleCmdSaveDataManagerInfo
saveworld	ConsoleCmdSaveWorld
ScreenEffect	ConsoleCmdScreenEffect
sdcs	ConsoleCmdSDCS
giveselfxp	ConsoleCmdSelfExp
jds	ConsoleCmdServerJunkDrone
say	ConsoleCmdServerMessage
setgamepref	ConsoleCmdSetGamePref
setgamestat	ConsoleCmdSetGameStat
settargetfps	ConsoleCmdSetTargetFps
settempunit	ConsoleCmdSetTempUnit
settime	ConsoleCmdSetTime
setwatervalue	ConsoleCmdSetWaterValue
show	ConsoleCmdShow
showalbedo	ConsoleCmdShowAlbedo
showchunkdata	ConsoleCmdShowChunkData
showClouds	ConsoleCmdShowClouds
showhits	ConsoleCmdShowHits
shownormals	ConsoleCmdShowNormals
showspecular	ConsoleCmdShowSpecular
showswings	ConsoleCmdShowSwings
showtriggers	ConsoleCmdShowTriggers
shutdown	ConsoleCmdShutdown
signeditordebug	ConsoleCmdSignEditorDebug
signtexman	ConsoleCmdSignTextureManager
sleep	ConsoleCmdSleep
sleeper	ConsoleCmdSleeper
smoothpoi	ConsoleCmdSmoothPOI
smoothworldall	ConsoleCmdSmoothWorldAll
spawnentity	ConsoleCmdSpawnEntity
spawnentityat	ConsoleCmdSpawnEntityAt
SpawnScreen	ConsoleCmdSpawnScreen
spectator	ConsoleCmdSpectatorMode
spectrum	ConsoleCmdSpectrum
squarespiral	ConsoleCmdSquareSpiral
stab	ConsoleCmdStab
starve	ConsoleCmdStarve
switchview	ConsoleCmdSwitchView
SystemInfo	ConsoleCmdSystemInfo
teleport	ConsoleCmdTeleport
teleportplayer	ConsoleCmdTeleportPlayer
tppoi	ConsoleCmdTeleportPoi
teleportpoirelative	ConsoleCmdTeleportPoiRelative
testloop	ConsoleCmdTestLoop
thirsty	ConsoleCmdThirsty
traderarea	ConsoleCmdTraderArea
transformdebug	ConsoleCmdTransformDebug
trees	ConsoleCmdTrees
twitchadmin	ConsoleCmdTwitchAdminCommand
twitch	ConsoleCmdTwitchCommand
uioptions	ConsoleCmdUIOptions
version	ConsoleCmdVersion
versionui	ConsoleCmdVersionUi
visitmap	ConsoleCmdVisitMap
vpois	ConsoleCmdVisitPois
weather	ConsoleCmdWeather
weathersurvival	ConsoleCmdWeatherSurvival
whitelist	ConsoleCmdWhitelist
wsmats	ConsoleCmdWorkstationMaterials
worldchunkreset	ConsoleCmdWorldChunkReset
xui	ConsoleCmdXui
unlock	ConsoleCommandUnlockInventories
Dynamic mesh	DynamicMeshConsoleCmd
Dynamic mesh debug	DynamicMeshDebugConsoleCmd
openiddebug	EnableOpenIDDebug
enablerendering	EnableRendering
invalidatecaches	InvalidateCachesCmd
rendermap	RenderMap
webpermission	WebPermissionsCmd
webtokens	WebTokens
